Run Name,OpenVINS Camera,OpenVINS IMU,Playback,Encoding,Hologram,imu_integrator iter,Reprojection,Camera,IMU,Application
gldemo-desktop,7123.14834100001,46.398604000007914,1146.0048049999975,738.6157500000002,1664.7611720000032,473.1797679999984,1620.5430379999964,402.8016720000005,35.15847999999967,7232.175110000001
