Components,materials-jetsonlp,demo-desktop,materials-desktop,demo-jetsonhp,demo-jetsonlp,sponza-jetsonhp,sponza-desktop,platformer-desktop,platformer-jetsonlp,platformer-jetsonhp,materials-jetsonhp,sponza-jetsonlp
Camera,68.16817608173076,66.77173862335788,66.76790454012134,67.42822106575733,69.28676475473002,67.23028620108283,66.77407385209838,66.78011128439832,69.12508923760775,67.23878207272047,66.73036399762111,70.38173813417734
OpenVINS Camera,68.5383835498469,66.77023388090588,66.77365197075738,67.20015024038462,69.19924848507613,67.41260465168338,66.76970052083334,66.77344743114406,68.75561284083946,67.00414959796063,66.84285932410424,70.17043751683728
IMU,2.2120433868745932,2.076866077860292,2.076071445560877,2.113519531628,2.2380847484213082,2.1340937677154197,2.07693720476488,2.076442048725329,2.2242182751889334,2.119879867566249,2.1235801747303134,2.205180180895066
IMU Integrator,2.2577411944770143,2.078760800850265,2.076989001423841,2.127048408686213,2.304406106523003,2.1491262829964497,2.0777009956654062,2.078026962119112,2.2779484618317887,2.1356214104126634,2.1364073962622485,2.25209646368657
Application,97.15111899474844,8.464895953255555,10.491747644445399,13.753345889136904,31.322516999421296,109.12091723518192,12.894316203853627,8.625732851510943,59.25920599032951,32.53916940871318,55.313213182532266,127.5418041861631
Reprojection,19.532257235515704,8.343419762361215,8.42803485576923,7.945441139118554,14.061436244419642,18.138646300236704,8.396066922737484,8.358084213662169,14.002370078558727,8.470241810984092,10.306596552699515,24.14246589477805
Playback,19.594996688389543,20.103338327185256,19.711031245989478,19.727941773232835,19.40752185848977,19.08637675463669,19.057263171979066,19.830502546529175,19.18408894299372,18.61556857835104,19.65142822265625,19.317515312870846
Encoding,19.58935526731384,20.10097428326975,19.70838981487423,19.725227114738594,19.401219429729654,19.082177932863313,19.05482989600678,19.827941771724095,19.175882027682647,18.611353289585217,19.648728644710847,19.309477600870252
