Components,demo-desktop
Camera,0.45944400500390153
OpenVINS Camera,14.762049993693592
IMU,468.9791304064288
IMU Integrator,468.97752840616585
Application,59.08462296609982
Reprojection,57.02244394238112
