Components,gldemo-desktop
OpenVINS Camera,66.77937109375
OpenVINS IMU,2.0748598850319055
Playback,18.940164409158548
Encoding,18.938537861877705
Hologram,16.704643493238745
imu_integrator iter,2.0761973190080956
Reprojection,16.6947395361564
Camera,66.77274870781844
IMU,2.076140102088874
Application,16.891612724571377
