Run Name,app_gpu1,app_gpu2,Hologram,Reprojection
gldemo-desktop,103.55417600000004,294.94169600000026,16059.728200000018,4042.1961020000012
