Run Name,CPU Power,GPU Power,DDR Power,SOC Power,SYS Power
gldemo-desktop,25.732959992589105,191.79484962406022,1.4114743148389843,,
