Run Name,OpenVINS Camera,OpenVINS IMU,Playback,Encoding,Hologram,imu_integrator iter,Reprojection,Camera,IMU,Application
metrics-jetsonlp-demo,35332.992288,201.51081599996104,24903.67222399996,10062.137952000016,95.97020799999927,29975.20630400001,10597.632127999997,1137.6844799999974,490.1508480000118,12308.564127999995
metrics-jetsonhp-demo,17658.565727999965,175.3370240000321,3225.6732800000063,1483.3532479999992,196.41676799999993,1550.616320000008,2417.7963520000067,340.66444799999954,179.17119999999682,13316.692704000008
metrics-desktop-demo,4973.847836999988,43.17926799999525,1075.2302149999996,691.9352530000019,1282.0345939999984,343.59749800000066,1795.366782000001,646.1702689999993,32.80085600000002,6368.021356999999
