Run Name,OpenVINS Camera,OpenVINS IMU,Playback,Encoding,Hologram,imu_integrator iter,Reprojection,Camera,IMU,Application
metrics-desktop-demo,3728.1696550000133,24.525966999998772,895.4927799999991,583.5083150000004,957.0959289999987,330.0908069999997,1810.4522540000005,246.25591800000018,27.649060999999875,4398.101665000008
metrics-jetsonhp-demo,9792.304479999995,58.21593599999217,2279.0497599999994,917.1133759999987,123.18406400000026,993.040992000005,892.9928000000014,210.66124800000014,116.73235200000055,8570.129216000014
metrics-jetsonlp-demo,10330.442336000002,14.453920000001595,9601.938783999982,3953.020960000002,40.44953600000008,10858.649695999988,3422.6756160000073,451.81161600000104,214.15395200000188,4144.270943999994
