Run Name,SLAM,OpenVINS IMU,Playback,Encoding,Integrator,Reprojection,Camera,IMU,Application
metrics-desktop-sponza,7012.424348999992,51.77030099998932,1152.7810370000002,737.5380419999992,486.4320370000007,1530.101135000002,229.88835799999984,35.32524599999913,10772.658970999979
metrics-desktop-materials,8828.88579300003,71.60792999998542,1521.522062000001,963.1163540000003,672.1563470000003,1669.6963299999989,191.82423900000083,45.989570000000725,7588.927634999977
metrics-desktop-platformer,9580.677665000012,65.15598100000659,1541.2410770000024,955.3558080000022,669.0184269999961,1582.054322999999,151.944798,45.03364199999975,7388.483179999994
metrics-desktop-demo,12613.063020999953,92.70536900000178,2168.1782839999946,1368.6027000000004,1039.7631909999993,1595.486938,163.7596890000005,62.091500000001126,4104.417020999989
