Run Name,app_gpu1,app_gpu2,Hologram,Reprojection
metrics-jetsonlp-demo,216.35679999999945,5217.527231999998,23488.129999999997,6972.192095999999
metrics-jetsonhp-demo,161.2881920000003,2747.8169919999946,21647.226000000006,1514.02496
metrics-desktop-demo,1322.1517440000005,230.2584000000004,15048.054900000001,217.6919679999998
