Run Name,app_gpu1,app_gpu2,Hologram,Reprojection
metrics-desktop-demo,100.46576000000003,209.7647999999999,10882.855999999983,172.87721599999995
metrics-jetsonhp-demo,72.23596799999997,1636.614111999998,13601.068000000001,974.5182720000004
metrics-jetsonlp-demo,50.63382399999998,1070.12208,10904.720000000001,2024.3847360000007
