Components,metrics-desktop-platformer
SLAM,66.7798873956453
OpenVINS IMU,2.078944198718814
Playback,19.594551730952233
Encoding,19.591983937561395
Integrator,2.0832797637045632
Reprojection,8.358163064071082
Camera,66.76119780779682
IMU,2.0817397274057514
Application,8.817694444444445
