Run Name,CPU Power,GPU Power,DDR Power,SOC Power,SYS Power
metrics-jetsonlp-demo,1.12165,0.85682,0.554258,1.4661300000000002,2.38822
metrics-jetsonhp-demo,5.30213,5.64887,0.7443289999999999,1.605,2.5244299999999997
metrics-desktop-demo,26.1674434946354,180.3785067873304,1.4398991989870704,,
