Run Name,CPU Power,GPU Power,DDR Power,SOC Power,SYS Power
metrics-desktop-sponza,29.024175513524643,149.90694214876035,1.3201840569098073,,
metrics-desktop-materials,19.975224621050184,109.33441666666666,1.3207795148202541,,
metrics-desktop-platformer,19.965399716207056,62.957125748502975,1.368175870298457,,
metrics-desktop-demo,13.012332870275594,58.485,1.301874253563778,,
