Run Name,CPU Power,GPU Power,DDR Power,SOC Power,SYS Power
metrics-desktop-demo,25.462210146830497,191.04837349397584,1.4522417493630173,,
metrics-jetsonhp-demo,4.47196,5.26044,0.686707,1.5724500000000001,2.4793499999999997
metrics-jetsonlp-demo,1.02324,0.758893,0.42966699999999997,1.40175,2.29646
